employer_id,employer_name,industry,state
EMP00001,Rodriguez Figueroa and Sanchez,Finance,DE
EMP00002,Doyle Ltd,Manufacturing,WI
EMP00003,Mcclain Miller and Henderson,Healthcare,KS
EMP00004,Davis and Sons,Retail,FL
EMP00005,Guzman Hoffman and Baldwin,Finance,CT
EMP00006,Gardner Robinson and Lawrence,Finance,WI
EMP00007,Blake and Sons,Logistics,CO
EMP00008,Henderson Ramirez and Lewis,Logistics,ND
EMP00009,Garcia-James,Manufacturing,AK
EMP00010,Abbott-Munoz,Manufacturing,IL
EMP00011,Blair PLC,Retail,NV
EMP00012,Dudley Group,Logistics,AK
EMP00013,Arnold Ltd,Logistics,ID
EMP00014,Mcclure Ward and Lee,Finance,TN
EMP00015,Williams and Sons,Finance,OH
EMP00016,Galloway-Wyatt,Technology,IN
EMP00017,James Group,Technology,PA
EMP00018,Flowers Martin and Kelly,Healthcare,AL
EMP00019,Adams Zuniga and Wong,Retail,VA
EMP00020,Reid Ferguson and Sanchez,Technology,MI
EMP00021,Gray-Mayo,Healthcare,GA
EMP00022,Watts Robinson and Nguyen,Retail,WV
EMP00023,Perez Inc,Healthcare,CT
EMP00024,Morales-Jones,Manufacturing,MS
EMP00025,Walter Edwards and Rios,Manufacturing,MN
EMP00026,Wilkerson-Day,Healthcare,RI
EMP00027,Baker and Sons,Healthcare,AZ
EMP00028,Hoffman Baker and Richards,Finance,NH
EMP00029,Ross Robinson and Bright,Logistics,DE
EMP00030,Snyder Campos and Callahan,Technology,CO
EMP00031,Burton Ltd,Logistics,MA
EMP00032,Carlson-Cruz,Finance,SC
EMP00033,Ferrell Rice and Maddox,Healthcare,OR
EMP00034,Frazier Inc,Retail,VT
EMP00035,Dyer Potter and Mack,Manufacturing,AZ
EMP00036,Rodriguez-Graham,Finance,IN
EMP00037,Smith-Bowen,Healthcare,CO
EMP00038,Baker Mason and White,Retail,CT
EMP00039,Harrell LLC,Technology,LA
EMP00040,Romero Gonzalez and Brooks,Technology,SD
EMP00041,Ryan PLC,Healthcare,HI
EMP00042,George Group,Healthcare,MN
EMP00043,Rodriguez LLC,Retail,TX
EMP00044,Allen-Allen,Healthcare,VA
EMP00045,Arroyo Miller and Tucker,Finance,TN
EMP00046,Spence PLC,Manufacturing,RI
EMP00047,Anderson Group,Finance,HI
EMP00048,Martin Rose and Obrien,Logistics,WA
EMP00049,Hickman Ltd,Retail,HI
EMP00050,Harris Collins and Carney,Technology,MS
EMP00051,Brooks Lam and Hayes,Healthcare,SD
EMP00052,Walker LLC,Finance,OK
EMP00053,Chapman and Sons,Retail,UT
EMP00054,Robinson Jones and Welch,Healthcare,WY
EMP00055,Jones Inc,Manufacturing,IN
EMP00056,Jones-Young,Manufacturing,ME
EMP00057,Washington Ryan and Cummings,Technology,LA
EMP00058,Johnston Sanchez and Kennedy,Manufacturing,IL
EMP00059,Lee-Davis,Logistics,VT
EMP00060,Gomez-Jenkins,Healthcare,IL
EMP00061,Brown Valdez and Lucas,Finance,NM
EMP00062,Powell LLC,Technology,TN
EMP00063,Wright and Sons,Technology,GA
EMP00064,West Henderson and Ramirez,Healthcare,FL
EMP00065,Baxter Inc,Retail,WI
EMP00066,Morton-Chase,Logistics,OH
EMP00067,Williams PLC,Healthcare,WI
EMP00068,Novak and Sons,Logistics,ND
EMP00069,Russell Group,Logistics,MT
EMP00070,Hancock Inc,Healthcare,IN
EMP00071,Gray Group,Retail,NV
EMP00072,House-Glover,Technology,CO
EMP00073,Henderson-Bernard,Manufacturing,DE
EMP00074,Stanley Tucker and Lee,Retail,SD
EMP00075,Novak PLC,Retail,UT
EMP00076,Daniels Adkins and Brown,Technology,RI
EMP00077,Woods Calhoun and Schmidt,Manufacturing,MS
EMP00078,Yu Inc,Technology,RI
EMP00079,Jones Inc,Technology,NY
EMP00080,Hensley Powell and David,Healthcare,OK
EMP00081,Sanchez Wheeler and Harvey,Manufacturing,UT
EMP00082,Sandoval-Cunningham,Finance,DE
EMP00083,Donovan-Harris,Finance,OH
EMP00084,Edwards Baker and Anderson,Healthcare,WY
EMP00085,Evans Stewart and Walton,Finance,MI
EMP00086,Smith PLC,Manufacturing,MA
EMP00087,Ferrell Jones and Lewis,Technology,HI
EMP00088,Anderson-Bailey,Technology,AL
EMP00089,Suarez LLC,Finance,WA
EMP00090,Moore-Bass,Healthcare,NV
EMP00091,Turner Riggs and Roman,Retail,NV
EMP00092,Smith Montoya and Evans,Manufacturing,SD
EMP00093,Garcia Humphrey and Baker,Healthcare,SD
EMP00094,Newton and Sons,Logistics,RI
EMP00095,Campbell-Clark,Retail,GA
EMP00096,Harris-Walters,Healthcare,WV
EMP00097,Wagner-King,Retail,OH
EMP00098,Davis Group,Logistics,AL
EMP00099,Williams-Cook,Logistics,ME
EMP00100,Walsh LLC,Technology,AK
EMP00101,Figueroa PLC,Manufacturing,MO
EMP00102,Patterson Smith and Jones,Healthcare,KS
EMP00103,Mckee Gardner and Davenport,Manufacturing,KS
EMP00104,Tran Jordan and Williams,Logistics,CO
EMP00105,Nolan-Flynn,Manufacturing,WA
EMP00106,Nolan and Sons,Technology,CA
EMP00107,Wright Garcia and Deleon,Logistics,WY
EMP00108,Dickson-Brady,Retail,FL
EMP00109,Hancock and Sons,Finance,NJ
EMP00110,Johnson-Doyle,Logistics,HI
EMP00111,Patton-Jenkins,Healthcare,NY
EMP00112,Shields Cochran and Adams,Logistics,ND
EMP00113,Rodriguez Brennan and Garrison,Retail,OH
EMP00114,Gonzalez Group,Finance,VA
EMP00115,Torres-Pope,Retail,VT
EMP00116,Walker Ltd,Healthcare,MT
EMP00117,Ross LLC,Finance,TN
EMP00118,Rasmussen LLC,Healthcare,NE
EMP00119,May-Ross,Logistics,NE
EMP00120,Rivera Johnson and Wiley,Manufacturing,KS
EMP00121,White-Estes,Retail,CA
EMP00122,Johnson-Carlson,Healthcare,AK
EMP00123,Chandler-Edwards,Logistics,OK
EMP00124,Joyce Wilson and Lam,Retail,PA
EMP00125,Scott Ltd,Retail,AL
EMP00126,Smith-Frost,Manufacturing,VT
EMP00127,Mcdaniel Bentley and Mclaughlin,Finance,AR
EMP00128,Diaz Inc,Retail,CA
EMP00129,Mccall Hanson and Alvarado,Manufacturing,MI
EMP00130,Cortez LLC,Manufacturing,NV
EMP00131,Parker Ortiz and Powell,Retail,LA
EMP00132,Spencer-Lee,Finance,NM
EMP00133,Bentley Byrd and Orr,Retail,OH
EMP00134,Carroll Sullivan and Bass,Retail,WA
EMP00135,Mitchell-Jordan,Logistics,OR
EMP00136,Lawson Morris and Ramos,Technology,KS
EMP00137,Lewis Kennedy and Santana,Technology,NC
EMP00138,Jackson Miller and Robertson,Retail,CT
EMP00139,Harvey Davis and Crane,Manufacturing,TX
EMP00140,Chambers and Sons,Technology,MN
EMP00141,Hernandez Inc,Technology,NC
EMP00142,Riggs PLC,Technology,WA
EMP00143,Gibson Ltd,Manufacturing,UT
EMP00144,Lee Horton and Snyder,Finance,TN
EMP00145,Hernandez Ltd,Manufacturing,AR
EMP00146,Stafford Inc,Technology,WA
EMP00147,Robinson-Brock,Healthcare,CT
EMP00148,Holmes Williams and Wright,Retail,ID
EMP00149,Bryant Group,Retail,OH
EMP00150,Schmidt Hansen and Stewart,Technology,FL
EMP00151,Salazar-Ball,Technology,IA
EMP00152,Simmons Meadows and Griffin,Healthcare,NH
EMP00153,Manning Group,Retail,CA
EMP00154,Green-Wright,Technology,OK
EMP00155,Ramirez Strickland and Washington,Manufacturing,AR
EMP00156,Hill Inc,Finance,OH
EMP00157,Mitchell Nelson and Flores,Manufacturing,CO
EMP00158,Miller Hernandez and Reyes,Retail,HI
EMP00159,Mccarthy Inc,Technology,NM
EMP00160,Russell-Daniels,Technology,IL
EMP00161,Brown-Wall,Technology,AR
EMP00162,Stein-Silva,Retail,MS
EMP00163,Smith Gilmore and Johnston,Manufacturing,MS
EMP00164,Smith-Bell,Healthcare,NH
EMP00165,Castaneda-Ashley,Healthcare,ND
EMP00166,Medina-Navarro,Finance,WA
EMP00167,Hurst Freeman and Nelson,Logistics,TX
EMP00168,Johnson-Rogers,Finance,NM
EMP00169,Yates Ramsey and Pittman,Retail,ID
EMP00170,Hooper PLC,Healthcare,IL
EMP00171,Meadows PLC,Manufacturing,PA
EMP00172,Alvarado Miller and Patterson,Finance,OH
EMP00173,White-Green,Manufacturing,WI
EMP00174,Lewis-Murphy,Healthcare,AR
EMP00175,Ramirez-Bean,Manufacturing,PA
EMP00176,King-Miller,Technology,NV
EMP00177,Curry Inc,Logistics,HI
EMP00178,Walker-Jones,Manufacturing,NV
EMP00179,Williams Johnson and Wright,Manufacturing,IA
EMP00180,Howell and Sons,Manufacturing,RI
EMP00181,Wells Inc,Manufacturing,UT
EMP00182,Gould Marshall and Scott,Retail,MT
EMP00183,Jackson-Lawson,Manufacturing,OR
EMP00184,Higgins Strickland and Martin,Retail,PA
EMP00185,Rodriguez-Johnson,Logistics,AZ
EMP00186,Johnston-Odonnell,Logistics,CO
EMP00187,Sanders-Espinoza,Technology,TX
EMP00188,Vargas Ltd,Logistics,OR
EMP00189,Garcia LLC,Logistics,ME
EMP00190,Burke Martinez and Riggs,Healthcare,IL
EMP00191,Reed Group,Finance,VT
EMP00192,Wood Hunter and Peterson,Healthcare,KS
EMP00193,Short-Garcia,Healthcare,MT
EMP00194,Reid-Poole,Retail,TX
EMP00195,Hernandez Thompson and Boyd,Finance,MD
EMP00196,Nelson Morton and Medina,Technology,ME
EMP00197,Marshall-Petersen,Manufacturing,AL
EMP00198,Adams Christian and Rivas,Technology,SC
EMP00199,Ramirez Group,Logistics,CT
EMP00200,Christensen PLC,Manufacturing,OH
EMP00201,Barnett Rogers and Snyder,Retail,NV
EMP00202,White-Lewis,Healthcare,FL
EMP00203,Peterson-Beard,Healthcare,CA
EMP00204,Beard Peters and Black,Retail,MO
EMP00205,Miller Ltd,Healthcare,HI
EMP00206,Freeman-Chang,Technology,OH
EMP00207,Alvarez Joseph and West,Finance,MD
EMP00208,Davis and Sons,Logistics,TN
EMP00209,Holt-Torres,Logistics,AL
EMP00210,Wood Tran and Cooper,Finance,OK
EMP00211,Pierce Bell and Chavez,Healthcare,TX
EMP00212,King-Martinez,Manufacturing,FL
EMP00213,Stewart Ltd,Healthcare,DE
EMP00214,Tapia Vaughn and Lee,Manufacturing,WI
EMP00215,Washington Hardy and Bray,Logistics,GA
EMP00216,Carlson Hooper and Wall,Healthcare,MA
EMP00217,Perez-White,Logistics,IL
EMP00218,Erickson and Sons,Finance,MI
EMP00219,Williams-Brown,Retail,UT
EMP00220,Terry-Martinez,Finance,KY
EMP00221,Garcia-Smith,Logistics,NM
EMP00222,Harrison-Alexander,Healthcare,AR
EMP00223,Sheppard LLC,Manufacturing,SD
EMP00224,Wilson-Jones,Technology,LA
EMP00225,Jones-Soto,Manufacturing,AL
EMP00226,Hernandez PLC,Healthcare,WY
EMP00227,Miller-Wright,Retail,SD
EMP00228,Duran Obrien and Gibbs,Healthcare,HI
EMP00229,Rowe Group,Finance,NE
EMP00230,Kerr-Evans,Logistics,VT
EMP00231,Branch Torres and Oliver,Technology,OK
EMP00232,Choi Garcia and Farmer,Manufacturing,DE
EMP00233,Clark Guerrero and Moore,Manufacturing,VA
EMP00234,Arnold and Sons,Retail,OH
EMP00235,Ortiz Ltd,Manufacturing,MO
EMP00236,Harrison Johnson and Roberts,Logistics,OK
EMP00237,Warner-Gibson,Retail,ND
EMP00238,Hall Baker and Moody,Retail,AZ
EMP00239,Guerrero Peck and Coleman,Healthcare,MO
EMP00240,Walker Hernandez and Baker,Manufacturing,MN
EMP00241,Jones and Sons,Retail,UT
EMP00242,Larson-Holloway,Retail,TX
EMP00243,Gonzales-Harrison,Manufacturing,MN
EMP00244,Lyons-Bender,Logistics,NC
EMP00245,Fernandez Kim and George,Logistics,WI
EMP00246,Navarro-Munoz,Retail,KS
EMP00247,Davis Ltd,Retail,IA
EMP00248,Matthews Smith and Hubbard,Technology,AK
EMP00249,Johnston-Hines,Retail,WI
EMP00250,Ruiz Ltd,Healthcare,NC
EMP00251,Moon-White,Finance,WI
EMP00252,Graham Olsen and Costa,Retail,LA
EMP00253,Bailey-Cook,Retail,VA
EMP00254,Garcia Martin and Jenkins,Manufacturing,MS
EMP00255,Roberts-Landry,Manufacturing,NJ
EMP00256,Johnson Miller and King,Retail,ID
EMP00257,Cordova Group,Technology,MN
EMP00258,Bryan Smith and Booth,Healthcare,IN
EMP00259,Gutierrez-Lopez,Retail,AK
EMP00260,Dean-Jimenez,Finance,ID
EMP00261,Wolf-Harris,Technology,MI
EMP00262,Anderson Roberts and Gilmore,Healthcare,CA
EMP00263,Martinez-Dudley,Healthcare,MN
EMP00264,Lloyd Mckinney and Collins,Finance,NV
EMP00265,Tran Inc,Technology,UT
EMP00266,Gay Inc,Logistics,MI
EMP00267,Valentine-Holland,Manufacturing,DE
EMP00268,Jimenez Ltd,Healthcare,IA
EMP00269,Hicks-Hill,Logistics,KY
EMP00270,Baird-Sanchez,Manufacturing,CT
EMP00271,Thomas Lee and Greene,Logistics,ND
EMP00272,Suarez Shields and Hill,Healthcare,WA
EMP00273,Morgan-French,Healthcare,ND
EMP00274,Hoover-Campbell,Logistics,NV
EMP00275,Monroe-Carpenter,Manufacturing,MS
EMP00276,Burns Hernandez and Ryan,Logistics,ID
EMP00277,Cook-Hines,Healthcare,AZ
EMP00278,Gibson-Morris,Finance,ND
EMP00279,Pollard and Sons,Manufacturing,NY
EMP00280,Reyes Chase and Jenkins,Logistics,UT
EMP00281,Garner-Thornton,Finance,WI
EMP00282,Hughes-Alvarado,Finance,TX
EMP00283,Pollard Simpson and Johnson,Retail,MO
EMP00284,Sanford Rivera and Garcia,Technology,CA
EMP00285,Garcia-Lozano,Finance,MI
EMP00286,Bowen Group,Logistics,ME
EMP00287,Booker Jones and Harrington,Finance,DE
EMP00288,Morgan-Schwartz,Finance,MD
EMP00289,Miller Murphy and Craig,Logistics,MD
EMP00290,James Stewart and Higgins,Finance,NC
EMP00291,Brennan-Johnson,Healthcare,MT
EMP00292,Young Ltd,Finance,MA
EMP00293,Bright-Francis,Logistics,FL
EMP00294,Good-Hodges,Retail,NC
EMP00295,Brennan Wallace and Benson,Finance,MS
EMP00296,Williams Inc,Finance,WI
EMP00297,Howard-Jordan,Retail,SC
EMP00298,Schmidt PLC,Logistics,MD
EMP00299,Sparks Jackson and Miller,Technology,OK
EMP00300,Harvey-Allen,Manufacturing,MD
EMP00301,Thomas Murray and King,Healthcare,IL
EMP00302,Estrada-Nolan,Technology,PA
EMP00303,Santana-Byrd,Logistics,TN
EMP00304,Jones LLC,Healthcare,NH
EMP00305,Evans Hayden and Vaughn,Technology,NE
EMP00306,Bruce-Gonzalez,Finance,IL
EMP00307,Castaneda-Rodriguez,Logistics,NJ
EMP00308,Armstrong-Andrews,Finance,HI
EMP00309,Phillips Spence and Barrett,Finance,CO
EMP00310,Smith-Grimes,Healthcare,NV
EMP00311,Beltran Lozano and Mcgee,Finance,SD
EMP00312,Parsons-Hall,Logistics,MI
EMP00313,Robinson-Lee,Manufacturing,WV
EMP00314,Byrd-Le,Retail,UT
EMP00315,Becker Taylor and Davis,Healthcare,IN
EMP00316,Lucas Parker and Alexander,Retail,GA
EMP00317,Diaz Anderson and Browning,Manufacturing,AZ
EMP00318,Burgess-Thompson,Retail,NJ
EMP00319,Buchanan LLC,Logistics,WY
EMP00320,Shaw Nelson and Martin,Manufacturing,NH
EMP00321,Coffey-Phillips,Technology,SD
EMP00322,Brock-Mcdonald,Logistics,ID
EMP00323,Taylor and Sons,Finance,VA
EMP00324,Ramsey Whitney and Coffey,Technology,NM
EMP00325,Diaz Gibbs and Smith,Technology,KS
EMP00326,Martinez Richardson and Curry,Retail,TN
EMP00327,Richards-Carson,Finance,AL
EMP00328,Rodriguez-Hall,Manufacturing,WY
EMP00329,Harvey PLC,Technology,IN
EMP00330,Herman-Walker,Retail,VA
EMP00331,Reid Group,Logistics,NH
EMP00332,Turner Ortiz and Taylor,Manufacturing,OK
EMP00333,Torres Group,Retail,DE
EMP00334,Davis PLC,Technology,FL
EMP00335,Price LLC,Technology,TX
EMP00336,Avery Horton and Fernandez,Logistics,OK
EMP00337,Newton Moore and Perry,Logistics,ME
EMP00338,Bass PLC,Technology,SC
EMP00339,Crosby-Ramirez,Finance,NV
EMP00340,Wood Ramos and Sampson,Technology,OK
EMP00341,Garcia-Jennings,Technology,HI
EMP00342,Winters Newman and Brown,Finance,NJ
EMP00343,Lopez-Martinez,Technology,KY
EMP00344,Davis-Lewis,Retail,SD
EMP00345,Harper Smith and Buchanan,Healthcare,WY
EMP00346,Zhang PLC,Logistics,NM
EMP00347,Jones PLC,Finance,KS
EMP00348,Willis and Sons,Healthcare,NE
EMP00349,Schroeder-Kramer,Manufacturing,VT
EMP00350,Smith Garrison and Thomas,Healthcare,KS
EMP00351,Fernandez and Sons,Healthcare,MI
EMP00352,Guerrero Inc,Healthcare,OH
EMP00353,Smith and Sons,Manufacturing,FL
EMP00354,Morris Thompson and Williams,Retail,IN
EMP00355,Fisher Wilson and Brown,Technology,VA
EMP00356,Strickland-Palmer,Retail,VT
EMP00357,Hayes and Sons,Retail,CA
EMP00358,Williams Logan and Camacho,Technology,NC
EMP00359,Turner Schneider and Johnson,Healthcare,OH
EMP00360,Boone-Simmons,Technology,NC
EMP00361,Henry Group,Manufacturing,IL
EMP00362,Lam LLC,Technology,MS
EMP00363,Hernandez Martinez and Weber,Logistics,VA
EMP00364,Kelley Nguyen and Vang,Manufacturing,WV
EMP00365,Phillips Wagner and Jordan,Logistics,MS
EMP00366,Wilson Pena and Rich,Technology,AL
EMP00367,Le Lewis and Hayes,Healthcare,MD
EMP00368,Gutierrez Group,Technology,NC
EMP00369,Perry-Davis,Logistics,WI
EMP00370,Edwards-Scott,Finance,OH
EMP00371,Mcdaniel Group,Logistics,IN
EMP00372,Davis Inc,Technology,IN
EMP00373,Reynolds Ltd,Healthcare,ND
EMP00374,Watson Anderson and Brown,Technology,AK
EMP00375,Hoffman Santiago and Jenkins,Technology,MI
EMP00376,Pugh Henderson and Moon,Finance,UT
EMP00377,Schmitt PLC,Technology,WA
EMP00378,Bell-Lane,Retail,NH
EMP00379,Moore Group,Retail,SC
EMP00380,Boone LLC,Logistics,AK
EMP00381,Richardson Farmer and Andrews,Technology,PA
EMP00382,Bruce-Villegas,Logistics,TX
EMP00383,Austin Day and Johnson,Manufacturing,CO
EMP00384,Gallegos Adams and White,Finance,ND
EMP00385,Farmer Dorsey and Bell,Retail,NH
EMP00386,Kane PLC,Retail,AR
EMP00387,Morales Thomas and Schultz,Healthcare,MS
EMP00388,Davis PLC,Healthcare,IL
EMP00389,Bennett Group,Technology,ME
EMP00390,Moore-Collins,Healthcare,WV
EMP00391,Frank-Bradley,Technology,LA
EMP00392,Ware and Sons,Technology,KY
EMP00393,Webster Inc,Manufacturing,NJ
EMP00394,Miller Ramos and Coleman,Manufacturing,WI
EMP00395,Ramos Nelson and Fischer,Logistics,AR
EMP00396,Reed Inc,Healthcare,IN
EMP00397,Gregory-Watkins,Finance,CA
EMP00398,Estrada Williams and Foster,Finance,AZ
EMP00399,Brown Harris and Dougherty,Manufacturing,KS
EMP00400,Duran LLC,Retail,AK
EMP00401,Wilson-Jimenez,Logistics,GA
EMP00402,Thompson-James,Retail,FL
EMP00403,Hall Hansen and Barnett,Technology,TX
EMP00404,Jones-Hensley,Manufacturing,OR
EMP00405,Graham Group,Retail,NH
EMP00406,Atkins PLC,Finance,KY
EMP00407,Berry-Mckinney,Healthcare,HI
EMP00408,Roberts-Sullivan,Logistics,RI
EMP00409,Jackson-Meza,Finance,VT
EMP00410,Collier-Gillespie,Manufacturing,WY
EMP00411,Kim Inc,Retail,MD
EMP00412,Graham Group,Manufacturing,PA
EMP00413,Miller Harrell and Reese,Manufacturing,MD
EMP00414,Cook and Sons,Logistics,UT
EMP00415,Dixon Inc,Technology,MT
EMP00416,Hicks Bullock and Bailey,Finance,ID
EMP00417,Mullen Brewer and Hernandez,Manufacturing,PA
EMP00418,Thomas and Sons,Finance,SD
EMP00419,Morrison Ltd,Retail,CT
EMP00420,Thompson Ltd,Finance,WY
EMP00421,Marshall-Elliott,Healthcare,UT
EMP00422,Cole Glass and Cunningham,Logistics,DE
EMP00423,Downs Morris and Maddox,Logistics,AZ
EMP00424,Hernandez-Jones,Healthcare,OH
EMP00425,Welch-Hogan,Technology,TX
EMP00426,Brown Romero and Collins,Healthcare,CA
EMP00427,Johnson-Wood,Logistics,TN
EMP00428,Jones-Lin,Healthcare,AL
EMP00429,Gilbert PLC,Technology,NM
EMP00430,Ford-Spencer,Manufacturing,ND
EMP00431,Huang Cole and Pacheco,Healthcare,SD
EMP00432,Lopez Jacobs and Mason,Technology,VT
EMP00433,Hayes LLC,Retail,ND
EMP00434,Miller Lucas and Williams,Retail,WA
EMP00435,Kim Gonzales and Mills,Logistics,TN
EMP00436,Cox LLC,Healthcare,SC
EMP00437,Ortiz-Morgan,Logistics,WY
EMP00438,Williams Mccoy and Cook,Technology,NH
EMP00439,Davis-Gregory,Technology,WA
EMP00440,King-York,Logistics,LA
EMP00441,Marks Cook and Aguilar,Healthcare,KS
EMP00442,Rangel LLC,Manufacturing,LA
EMP00443,Hale Myers and Larson,Technology,KS
EMP00444,Collins Group,Technology,OR
EMP00445,Conner Li and Santiago,Logistics,TX
EMP00446,Osborn Gaines and Davis,Technology,MI
EMP00447,Henderson Cox and Cox,Manufacturing,NM
EMP00448,Bean LLC,Healthcare,IA
EMP00449,Lee-Cooke,Technology,IL
EMP00450,Jones Inc,Healthcare,KY
EMP00451,Wise Conley and Stephenson,Healthcare,LA
EMP00452,Stanley PLC,Logistics,VA
EMP00453,Harper and Sons,Healthcare,OK
EMP00454,White Ltd,Manufacturing,NY
EMP00455,Lamb Martin and Kim,Retail,CO
EMP00456,Diaz-Ball,Retail,WA
EMP00457,Bishop-Goodwin,Technology,NM
EMP00458,Young-Allen,Logistics,WV
EMP00459,Mckee-Lee,Retail,VA
EMP00460,Valentine Joyce and Murray,Technology,TN
EMP00461,Strickland-Shaw,Finance,NM
EMP00462,Burch-Montoya,Technology,AK
EMP00463,Taylor Wright and Davidson,Manufacturing,MA
EMP00464,Spencer-Garcia,Retail,MT
EMP00465,Rosales Mitchell and Hines,Finance,KS
EMP00466,Cole-Palmer,Healthcare,TX
EMP00467,Davis-Lozano,Logistics,MO
EMP00468,Wilkerson-Arias,Technology,OK
EMP00469,Brown-Shaw,Logistics,MN
EMP00470,Hughes Inc,Technology,WI
EMP00471,Walker-Flores,Logistics,MI
EMP00472,Combs Ltd,Healthcare,VA
EMP00473,Moody-Taylor,Technology,LA
EMP00474,Lowery-Kennedy,Healthcare,KY
EMP00475,Blake Group,Retail,DE
EMP00476,Gilbert-Bullock,Finance,ID
EMP00477,Scott and Sons,Healthcare,DE
EMP00478,Bentley Lynch and Henderson,Finance,OH
EMP00479,Young-Martinez,Finance,IA
EMP00480,Barnes PLC,Retail,IL
EMP00481,Brown-Copeland,Finance,NJ
EMP00482,Carlson-Smith,Healthcare,WA
EMP00483,Andrews Higgins and Carter,Logistics,WV
EMP00484,Mendez and Sons,Logistics,RI
EMP00485,Butler Beck and Miller,Healthcare,CT
EMP00486,Jones-Fox,Retail,MA
EMP00487,Hartman Romero and Smith,Retail,MO
EMP00488,Williams-Hughes,Retail,MD
EMP00489,King-Smith,Manufacturing,VT
EMP00490,Cooper Ltd,Logistics,FL
EMP00491,Fuller Ingram and Moss,Healthcare,AZ
EMP00492,Anderson-Bell,Manufacturing,OK
EMP00493,Li-Thompson,Healthcare,VA
EMP00494,Marshall Dominguez and Welch,Retail,SD
EMP00495,Brown Group,Technology,CT
EMP00496,Carter Inc,Manufacturing,OR
EMP00497,Blackwell LLC,Healthcare,NJ
EMP00498,Robertson-Hays,Technology,NE
EMP00499,Kennedy Johnson and Lucas,Healthcare,IA
EMP00500,Kelly-Norman,Manufacturing,KY
